Year,PDratiosX4
1945,0.150798230428929
1946,0.181317470808548
1947,0.204036371701042
1948,0.228439763001975
1949,0.248488573155986
1950,0.25620253164557
1951,0.257582229816318
1952,0.220046082949309
1953,0.229024030071151
1954,0.16871604232199
1955,0.140107266181765
1956,0.152383003158197
1957,0.173402760558724
1958,0.130740948463887
1959,0.121458403883057
1960,0.136443661971831
1961,0.109237059752811
1962,0.132077479778629
1963,0.118511527571795
1964,0.114062251865968
1965,0.114102983393292
1966,0.139186032214435
1967,0.121965722280518
1968,0.112582159624413
1969,0.137306552518933
1970,0.140884693688691
1971,0.124970589223892
1972,0.105049645390071
1973,0.136772877540972
1974,0.209582028726206
1975,0.166215708380308
1976,0.145431391276663
1977,0.186669508988844
1978,0.204626643082579
1979,0.199505256648114
1980,0.178277153558052
1981,0.207296715131933
1982,0.194906743185079
1983,0.169505271695053
1984,0.177831813576494
1985,0.149622125743689
1986,0.130745508179137
1987,0.141715076071923
1988,0.134068716094033
1989,0.119382291069038
1990,0.141657794676806
1991,0.125385017974655
1992,0.113296911823218
1993,0.107379189469543
1994,0.11303704680097
1995,0.0873944383878159
1996,0.0774436596030945
1997,0.0632293192846826
1998,0.0535355657325322
1999,0.0462431521871004
2000,0.0497546828157754
2001,0.0553017797303474
2002,0.0706532618608065
2003,0.0610101421379923
2004,0.0621548074704736
2005,0.0664965757314042
2006,0.0665857113944546
2007,0.0712672895174484
2008,0.1299398331738
2009,0.0910979424461296
2010,0.0716159362507014
2011,0.0789391843344164
2012,0.080787556218024
2013,0.073860388616609
2014,0.0730462240439021
2015,0.0813665160720777
2016,0.0793633130511032
2017,0.0711708465636268
2018,0.080034484862885
2019,0.0708210094591648
2020,0.0639666228301244
2021,0.0501508741762732
2022,0.0654470994887532
2023,0.0587846111659137
2024,0.0481663222131034
