Year,exr
1945,0.144075925271731
1946,0.160789533717618
1947,0.141771069830269
1948,0.168133849242741
1949,0.1649850486981
1950,0.134081543700546
1951,0.13438012516386
1952,0.103387158446343
1953,0.124455114668032
1954,0.0967767852233046
1955,0.0746663387452884
1956,0.0553656470222916
1957,0.0853883702432483
1958,0.0639379967395863
1959,0.0326324018670139
1960,0.0311731639364745
1961,0.0162241817732378
1962,0.0469543951345011
1963,0.00343804191703345
1964,-0.0462123101842877
1965,-0.0287917656142509
1966,0.000103817608928969
1967,-0.0262377682627151
1968,-0.0341474027220405
1969,-0.00836859671076295
1970,0.0134569352545915
1971,-0.0116615428325322
1972,-0.0236246073483715
1973,0.0153802526281572
1974,0.0507003901463572
1975,0.0428486647595081
1976,0.0427716102241973
1977,0.0493968923772008
1978,0.0603824872803589
1979,0.073298514833551
1980,0.0447916098382624
1981,0.0773604981401799
1982,0.0837729958326305
1983,0.0759019410576147
1984,0.07781639467408
1985,0.0859698239238953
1986,0.0878611374915763
1987,0.119756736213669
1988,0.127877617003542
1989,0.124413518233008
1990,0.122087734594296
1991,0.0849284392029039
1992,0.0460475221714265
1993,0.0599654996890358
1994,0.0751803966338545
1995,0.0515058470345258
1996,0.0438886189607954
1997,0.0215780348519323
1998,-0.0494666222077738
1999,-0.0389761688631516
2000,-0.0146522823746942
2001,0.00644560576980191
2002,0.0481652838806177
2003,0.0556716993761939
2004,0.0596504670982632
2005,0.0570473319745315
2006,0.0583089397845122
2007,0.0760516235735402
2008,0.130025832715676
2009,0.124693068078922
2010,0.127849477173691
2011,0.154081083669215
2012,0.117623564683775
2013,0.106007420658389
2014,0.114360053652624
