riskfree,equitypremium
1,0.0029072404445463
1.1,0.00578950919500158
1.2,0.00864679824590549
1.3,0.0114790998464107
1.4,0.0142864065002943
1.5,0.019826006256457
1.6,0.0225582856395956
1.7,0.0252655426377892
1.8,0.0279477710281539
1.9,0.0332371183670702
2,0.035844226143103
2.1,0.0384262829662141
2.2,0.040983283886678
2.3,0.0435152242092479
2.4,0.048503905552634
2.5,0.0509606384554127
2.6,0.0533922945242016
2.7,0.0557988703358825
2.8,0.0605367687664421
2.9,0.0628680858099088
3,0.0651743114453027
3.1,0.0674554435198704
3.2,0.0697114801347556
3.3,0.074148260658137
3.4,0.0763290020370483
3.5,0.078484642896752
3.6,0.0806151826057963
3.7,0.0848009573122005
3.8,0.086856192312014
3.9,0.0888863261658025
4,0.0908913595066868
