year,scf,fa_nipa,capital_gdp_currentcost,capital_gdp_asprinted
1989,4.709,4.11,3.193780997521971,3.312
1992,4.818,4.220000000000001,3.096707266368696,3.422
1995,5.028,4.33,3.0796187152221886,3.532
1998,5.327,4.5295000000000005,3.012789290570471,3.631
2001,5.5265,4.729,3.0876019863675137,3.731
2004,5.726,4.9285,3.242087218703866,3.931
2007,6.025,5.128,3.3771574553060795,4.03
2010,5.826,4.928,3.35667209405879,3.831
2013,6.125,5.227,3.3327387286403045,4.13
2016,6.325,5.427,3.316631563251582,4.23
2019,6.624,5.726,3.2956280557708917,4.429
2022,7.123,6.025,3.607737040356844,4.729
