K_STR,K_EQ,REL_PEQ,L_S,L_U,W_S,W_R,LSHARE,Y,DEPR_STR,DEPR_EQ,YEAR,SP
2473.073505,150.2725485,14.9875,N/A,N/A,N/A,N/A,0.697831237,2327.9,0.026342975,0.131051753,1962,
2532.340362,152.0325497,14.3575,2220.391,10535.05,0.3360288,0.3377078,0.694492255,2433.3,0.026282854,0.131369427,1963,0.995028246
2602.884437,156.3553296,13.8775,2343.051,10495.17,0.3556237,0.3485544,0.694755357,2586.7,0.026035503,0.13155922,1964,1.02028177
2696.508534,165.0205048,13.2875,2278.728,10451.66,0.3747794,0.358032,0.689436412,2772.2,0.025965379,0.131460284,1965,1.046776266
2800.594347,178.1621221,12.5175,2271.112,10374.89,0.3931372,0.3758582,0.691923285,2961.1,0.026049204,0.130109204,1966,1.045972125
2898.560395,190.9194996,12.1575,2349.154,10138.17,0.4274032,0.3935812,0.698513531,3022,0.025833815,0.130496454,1967,1.085933983
2999.145603,205.4370858,11.6575,2335.583,10033.17,0.4548857,0.4233623,0.703485006,3174.9,0.025681618,0.130747496,1968,1.074459629
3110.495538,221.6582151,11.3225,2333.709,9766.483,0.5001892,0.4625975,0.712247071,3272.7,0.025591811,0.130980028,1969,1.08126222
3223.25739,235.1412728,11.1675,2421.599,9484.115,0.5344658,0.4925671,0.720460513,3271.3,0.025529446,0.131907686,1970,1.085061913
3336.497902,247.6087107,10.895,2530.589,9477.517,0.5600417,0.5127203,0.712619003,3394.9,0.025191534,0.134257426,1971,1.092294766
3461.464748,263.859021,10.4475,2636.4,9511.861,0.5926092,0.5474462,0.710740993,3616.6,0.025418696,0.134608312,1972,1.082497604
3604.554275,286.3777824,9.9425,2776.99,9293.586,0.6242919,0.5881894,0.710492079,3867.8,0.025759162,0.13311313,1973,1.061379039
3744.571827,310.8389226,9.145,2891.01,9015.833,0.6550756,0.6351306,0.711069024,3808.8,0.025250778,0.126932465,1974,1.03140299
3865.739021,327.6990559,9.7925,2896.195,8897.161,0.710313,0.6796449,0.697244753,3772.6,0.027122452,0.132147547,1975,1.045123711
3980.361671,347.0301597,9.455,2996.033,8849.414,0.7550455,0.7286461,0.694854222,4027.5,0.026795601,0.132267128,1976,1.036230757
4106.979931,375.7424226,8.935,3047.11,8917.185,0.7992046,0.7791083,0.69012983,4258.1,0.027088489,0.131964527,1977,1.025793975
4269.390256,412.7945795,8.5975,3224.631,8948.437,0.848626,0.8383529,0.687647412,4529.7,0.027172626,0.131222486,1978,1.012253909
4469.391041,458.2488272,7.9325,3297.965,8897.846,0.9242487,0.9199507,0.690374131,4690.6,0.027246556,0.129977351,1979,1.004671989
4677.717323,500.0695123,7.415,3350.592,8750.515,1,1,0.689963276,4648.3,0.027068483,0.130580287,1980,1
4923.219566,542.1671873,7.23,3511.909,8671.817,1.100125,1.08286,0.678787676,4783.9,0.028416512,0.132739371,1981,1.015943889
5157.613481,572.3843327,7.2275,3744.562,8431.418,1.185039,1.142178,0.674821417,4646.5,0.030130988,0.137275607,1982,1.037525675
5314.156683,603.4801103,6.8625,3926.133,8533.52,1.238525,1.172739,0.670785655,4892.8,0.029311963,0.139521928,1983,1.056096028
5503.946369,656.8067796,6.2025,3974.326,8714.674,1.320004,1.224568,0.666994002,5326.8,0.028534547,0.139465026,1984,1.077934423
5712.989002,715.8850234,5.82,4048.125,8780.072,1.384157,1.275801,0.670244337,5575.2,0.028596299,0.141172779,1985,1.084931741
5874.739545,774.7671076,5.59,4210.396,8794.037,1.452598,1.315452,0.678937569,5777.7,0.028460944,0.142845093,1986,1.1042577
6018.845213,831.8095952,5.2875,4274.824,8928.403,1.491434,1.360095,0.680015028,5985.1,0.027319844,0.144808307,1987,1.096566049
6168.808561,895.3398541,5.025,4447.58,8958.742,1.558612,1.399879,0.678925813,6241.4,0.027458949,0.146014384,1988,1.113390514
6318.606188,965.6705316,4.78,4516.77,9097.178,1.642067,1.4521,0.679942666,6480.4,0.027444476,0.147090915,1989,1.130822257
6465.458002,1031.466674,4.525,4544.828,9107.618,1.689948,1.488891,0.686130857,6584.1,0.027518864,0.147645889,1990,1.135038092
6567.967589,1090.197871,4.33,4562.694,9220.189,1.755306,1.518786,0.688145684,6544,0.028153618,0.150361507,1991,1.155729642
6639.853008,1156.008239,4.075,4752.783,9197.629,1.800713,1.556555,0.695279971,6821.1,0.027405316,0.150370828,1992,1.156857933
6715.117661,1241.132269,3.845,4805.208,9219.91,1.853408,1.570079,0.691342874,7015.7,0.027116743,0.150517905,1993,1.180455251
6798.648484,1345.10786,3.6775,5025.906,9213.822,1.905215,1.611841,0.683979255,7354,0.026890649,0.150471184,1994,1.182011749
6904.519937,1477.527541,3.455,5088.001,9383.951,2.080218,1.666422,0.677460902,7580,0.027151347,0.15222298,1995,1.248314053
7023.290498,1633.744142,3.2075,5091.289,9399.994,2.194748,1.734623,0.674188885,7931.9,0.02702387,0.153055127,1996,1.265259368
7168.927993,1822.032466,2.9925,5250.732,9365.687,2.280216,1.795438,0.671398146,8348.3,0.027067227,0.155024829,1997,1.270005425
7341.844049,2053.53203,2.74,5434.777,9381.003,2.394575,1.846847,0.679389943,8781,0.027382275,0.156243005,1998,1.296574649
7515.097345,2343.206415,2.49,5505.311,9360.665,2.443649,1.899615,0.682803073,9277.8,0.027095221,0.158081705,1999,1.286391716
7721.802642,2677.388673,2.2825,5577.655,9415.095,2.68754,1.997432,0.689328483,9728.6,0.026869087,0.161177363,2000,1.345497619
7932.574854,2965.614128,2.085,5706.698,9283.508,2.806818,2.070522,0.691433496,9796.7,0.027380935,0.16478921,2001,1.355608875
8070.634211,3199.597746,1.9275,5827.975,9184.06,2.80559,2.120966,0.685471384,9968,0.027854419,0.166065182,2002,1.322788767
8193.844362,3453.820059,1.7625,5910.199,9148.436,2.861459,2.153307,0.680863941,10295,0.028039871,0.165592177,2003,1.32886718
8328.644048,3745.042417,1.655,5922.712,9236.264,2.962307,2.198139,0.677074001,10736.4,0.027489801,0.16310496,2004,1.347643165
8506.348714,4108.354684,1.55,5951.903,9315.43,3.062877,2.207864,0.664379546,11157.9,0.028212728,0.163702929,2005,1.387258001
8743.198047,4528.668547,1.4425,6182.406,9182.216,3.214252,2.29126,0.656079925,11533.3,0.029408009,0.162478549,2006,1.40283163
9044.180908,4979.548057,1.3525,6314.802,9123.219,3.211804,2.36135,0.666344258,11795.2,0.029882753,0.163535173,2007,1.360155843
9380.307903,5385.555758,1.2525,6322.708,8893.25,3.362524,2.399817,0.675188291,11679.1,0.029972658,0.164068659,2008,1.401158505
9583.5695,5599.055397,1.21,6379.06,8600.553,3.396092,2.469394,0.664111708,11245.6,0.031052522,0.167149933,2009,1.375273448
9682.830336,5945.545749,1.1125,6599.704,8593.577,3.356117,2.481567,0.654549532,11607.3,0.03016046,0.164648158,2010,1.352418452
9803.006315,6423.724081,1.055,6658.704,8615.25,3.51948,2.526779,0.653440129,11830.4,0.030009492,0.163873731,2011,1.392872111
9988.227871,7014.252469,0.9975,6809.141,8577.791,3.559765,2.554519,0.645170483,12189.5,0.030849283,0.164717807,2012,1.393516744
10166.06439,7632.505507,0.9525,6883.293,8551.908,3.609361,2.586588,0.647661891,12487.3,0.030367751,0.165435203,2013,1.395413958
10419.06678,8327.334387,0.8975,7003.543,8635.834,3.670131,2.650126,0.64535445,12877.1,0.031045678,0.166319764,2014,1.384889247
10662.73891,9066.515533,0.85,7114.656,8527.013,3.814073,2.722477,0.649543178,13361.7,0.031556395,0.168448636,2015,1.400956923
10864.56358,9792.106217,0.7975,7247.927,8486.115,3.94665,2.801281,0.653852118,13609.4,0.030758278,0.168118979,2016,1.408873298
11095.97851,10564.33923,0.755,7420.754,8401.754,4.084729,2.868893,0.654128178,13980.4,0.030621627,0.168435408,2017,1.423799703
11340.07975,11488.18957,0.715,7782.939,8237.656,4.195198,2.919467,0.654626913,14469.2,0.029530192,0.168523351,2018,1.436973941
11598.1651,12452.23242,0.685,7937.595,8014.476,4.523689,3.029423,0.658432299,14820,0.029527915,0.17062014,2019,1.493251025
