date,tfp_growth_log_BLS,tfp_growth_log_Penn
1949,1.1988396695629884,
1950,6.0557283818004,
1951,2.453334026216269,
1952,0.6164244442803333,
1953,1.5869253312146347,
1954,-0.2787633654307359,
1955,4.160812241197601,3.1846802234191256
1956,-1.3776312015386216,-0.5705504841179596
1957,1.0136951531423632,1.0819237208319856
1958,0.09716835714031716,0.18049067551980996
1959,4.403006364392305,2.787954688304035
1960,0.4393095228876038,0.5366931063474402
1961,1.4535745210130797,0.9398292328222569
1962,3.453294524820295,2.189729351447265
1963,2.612430149584096,1.4474971372330245
1964,3.668700884985485,1.557638677037576
1965,2.780473302892593,1.5610038887288982
1966,2.7461947627879955,1.5129114778032664
1967,-0.11695657813988705,-0.4414408017162178
1968,2.47679697227204,1.3167563346390014
1969,-0.8186503200502093,-0.6822431235654174
1970,-0.6676580392923583,-0.5524916291327061
1971,2.973378964720845,1.9624335266461173
1972,2.8398210235879033,1.5561554995982096
1973,2.8097528310782343,1.3607936512021275
1974,-3.4762668969770956,-2.7489347514925386
1975,0.19370712273555765,0.11186313731058543
1976,3.7588146566117655,1.9452023574886554
1977,1.5569336383804022,0.6646576814071875
1978,1.533980753207932,0.5864713536648475
1979,-1.0218684510565057,-0.7446246157637185
1980,-2.3034536675791957,-1.7714266201173001
1981,-0.3596941781196558,0.6277940040001048
1982,-3.366085517711466,-1.9211419141078576
1983,3.5895273811908477,1.9750677735252828
1984,2.2564961363928853,2.165702796459178
1985,0.5792677652196804,0.8242835219814011
1986,1.5815838656203989,1.0762760016275204
1987,-1.7065423579695878,0.04118837613744572
1988,1.0554756035374904,0.9473041826067727
1989,0.19014165611265532,0.4983607784702594
1990,0.013837261250715936,0.44163952738423534
1991,-0.3831180882446372,-0.3279728747983222
1992,2.726484872941668,2.455025555020636
1993,-0.39519660424662667,0.13273568563832053
1994,0.4148540729194074,0.5899691998968043
1995,0.17061185042282537,-0.18916919191806567
1996,0.9350197508632658,0.8843472002603587
1997,0.842059297762419,0.8908179919203969
1998,1.718815643504139,0.979939421475645
1999,2.1254710552559777,1.363355270748395
2000,1.1217225724212527,1.015245900267094
2001,0.3730322890338598,0.18286865813275885
2002,1.9644730879260317,1.335090716041345
2003,2.1844507148651555,1.902833961246945
2004,2.2749426610164676,1.7244678038468908
2005,1.4451010969495455,1.0897345990528045
2006,0.34567467261965446,0.05965869976498914
2007,0.3203666470911002,-0.19393017201585327
2008,-0.9959664341919767,-0.6570622716616908
2009,0.25282858687078996,0.030284679941193625
2010,2.5215584059126868,1.6269211631554945
2011,-0.3271129804567664,-0.1992899822917539
2012,0.8029691074032482,0.25099685760712004
2013,0.3520914161183092,0.18694358497480915
2014,0.6842507096146525,0.4644607398134331
2015,0.8628669421275208,0.8944627464632423
2016,-0.0603803983323918,0.08364864076265185
2017,0.6621876308886885,0.6296148303865565
2018,0.6419351802183406,0.8132794533786761
2019,1.2736007237557743,0.8523939890842878
2020,-0.5439848153799984,
2021,3.721521778260163,
2022,-1.1258194524816592,
2023,1.3413152947863012,
2024,1.3142031548218804,
