observation_date,K1WTOTL1ES000
1925-01-01,297647
1926-01-01,307761
1927-01-01,315694
1928-01-01,328319
1929-01-01,333593
1930-01-01,318608
1931-01-01,277742
1932-01-01,250785
1933-01-01,264129
1934-01-01,273850
1935-01-01,275011
1936-01-01,304340
1937-01-01,320707
1938-01-01,323305
1939-01-01,329686
1940-01-01,354998
1941-01-01,405393
1942-01-01,469818
1943-01-01,528260
1944-01-01,566025
1945-01-01,608841
1946-01-01,701320
1947-01-01,807510
1948-01-01,863068
1949-01-01,876820
1950-01-01,979476
1951-01-01,1077317
1952-01-01,1139970
1953-01-01,1186393
1954-01-01,1238672
1955-01-01,1345192
1956-01-01,1460568
1957-01-01,1537935
1958-01-01,1587628
1959-01-01,1651338
1960-01-01,1705866
1961-01-01,1768469
1962-01-01,1847387
1963-01-01,1922197
1964-01-01,2044884
1965-01-01,2181999
1966-01-01,2369146
1967-01-01,2557043
1968-01-01,2813215
1969-01-01,3073456
1970-01-01,3344730
1971-01-01,3672190
1972-01-01,4031017
1973-01-01,4564476
1974-01-01,5413195
1975-01-01,5854578
1976-01-01,6382531
1977-01-01,7120212
1978-01-01,8054887
1979-01-01,9255142
1980-01-01,10502344
1981-01-01,11550528
1982-01-01,12185682
1983-01-01,12642950
1984-01-01,13408511
1985-01-01,14135037
1986-01-01,15069496
1987-01-01,15993729
1988-01-01,17027096
1989-01-01,18017971
1990-01-01,18893575
1991-01-01,19388816
1992-01-01,20191544
1993-01-01,21201825
1994-01-01,22449857
1995-01-01,23527514
1996-01-01,24627391
1997-01-01,25885682
1998-01-01,27304358
1999-01-01,29031764
2000-01-01,30958773
2001-01-01,32672785
2002-01-01,34261655
2003-01-01,36072552
2004-01-01,39609215
2005-01-01,43396612
2006-01-01,46803978
2007-01-01,48881747
2008-01-01,50485169
2009-01-01,49639145
2010-01-01,50514461
2011-01-01,52216296
2012-01-01,53797935
2013-01-01,56258906
2014-01-01,58435108
2015-01-01,59895523
2016-01-01,62368968
2017-01-01,64930281
2018-01-01,68251758
2019-01-01,70987769
2020-01-01,74178639
2021-01-01,84380464
2022-01-01,93998196
2023-01-01,96462739
2024-01-01,99659725
