observation_date,RGDPNAUSA666NRUG
1950-01-01,2709030.50
1951-01-01,2927341.00
1952-01-01,3046543.25
1953-01-01,3189561.00
1954-01-01,3171575.50
1955-01-01,3397452.00
1956-01-01,3469891.00
1957-01-01,3542951.00
1958-01-01,3516902.75
1959-01-01,3759648.50
1960-01-01,3856027.50
1961-01-01,3954515.25
1962-01-01,4196393.00
1963-01-01,4379103.00
1964-01-01,4631648.50
1965-01-01,4932693.50
1966-01-01,5257925.50
1967-01-01,5402184.50
1968-01-01,5667382.00
1969-01-01,5845379.00
1970-01-01,5857162.50
1971-01-01,6050023.00
1972-01-01,6367982.00
1973-01-01,6727497.50
1974-01-01,6691132.00
1975-01-01,6677374.00
1976-01-01,7037154.00
1977-01-01,7362564.50
1978-01-01,7770098.00
1979-01-01,8016097.50
1980-01-01,7995514.50
1981-01-01,8198417.00
1982-01-01,8050598.00
1983-01-01,8419620.00
1984-01-01,9028902.00
1985-01-01,9405369.00
1986-01-01,9731045.00
1987-01-01,10067217.00
1988-01-01,10487722.00
1989-01-01,10872856.00
1990-01-01,11077914.00
1991-01-01,11065916.00
1992-01-01,11455713.00
1993-01-01,11770951.00
1994-01-01,12245205.00
1995-01-01,12573918.00
1996-01-01,13048304.00
1997-01-01,13628579.00
1998-01-01,14239566.00
1999-01-01,14921416.00
2000-01-01,15529851.00
2001-01-01,15678245.00
2002-01-01,15944844.00
2003-01-01,16390599.00
2004-01-01,17021272.00
2005-01-01,17614216.00
2006-01-01,18104692.00
2007-01-01,18467484.00
2008-01-01,18488460.00
2009-01-01,18012106.00
2010-01-01,18497566.00
2011-01-01,18786944.00
2012-01-01,19216998.00
2013-01-01,19623982.00
2014-01-01,20119256.00
2015-01-01,20711878.00
2016-01-01,21088720.00
2017-01-01,21607002.00
2018-01-01,22247976.00
2019-01-01,22822856.00
2020-01-01,22329176.00
2021-01-01,23681202.00
2022-01-01,24276130.00
2023-01-01,24977152.00
