observation_date,RKNANPUSA666NRUG
1950-01-01,10666936
1951-01-01,11002892
1952-01-01,11361193
1953-01-01,11763683
1954-01-01,12143445
1955-01-01,12568343
1956-01-01,12988646
1957-01-01,13398979
1958-01-01,13767582
1959-01-01,14236033
1960-01-01,14692825
1961-01-01,15163884
1962-01-01,15694052
1963-01-01,16269798
1964-01-01,16905626
1965-01-01,17608950
1966-01-01,18365290
1967-01-01,19077508
1968-01-01,19811168
1969-01-01,20540238
1970-01-01,21169224
1971-01-01,21907770
1972-01-01,22737082
1973-01-01,23648198
1974-01-01,24424420
1975-01-01,25017550
1976-01-01,25717052
1977-01-01,26565692
1978-01-01,27571754
1979-01-01,28627578
1980-01-01,29506590
1981-01-01,30360724
1982-01-01,31041684
1983-01-01,31824032
1984-01-01,32878966
1985-01-01,34021900
1986-01-01,35158052
1987-01-01,36259956
1988-01-01,37347072
1989-01-01,38436032
1990-01-01,39439352
1991-01-01,40251216
1992-01-01,41116496
1993-01-01,42057968
1994-01-01,43102436
1995-01-01,44213800
1996-01-01,45461520
1997-01-01,46823444
1998-01-01,48363724
1999-01-01,50045728
2000-01-01,51804608
2001-01-01,53377052
2002-01-01,54757692
2003-01-01,56217084
2004-01-01,57823104
2005-01-01,59564856
2006-01-01,61276848
2007-01-01,62818256
2008-01-01,64052376
2009-01-01,64686820
2010-01-01,65349080
2011-01-01,66106652
2012-01-01,67036032
2013-01-01,68023432
2014-01-01,69139896
2015-01-01,70325160
2016-01-01,71524240
2017-01-01,72799488
2018-01-01,74181696
2019-01-01,75565584
2020-01-01,76785096
2021-01-01,78158760
2022-01-01,79490152
2023-01-01,80822920
